runtime,pattern,concurrency,requests_total,requests_ok,success_rate,gen_tokens_total,wall_s,throughput_gen_tps,ttft_p50_ms,ttft_p95_ms,ttft_p99_ms,itl_p50_ms,itl_p95_ms,itl_mean_ms
llamacpp,agentic,1,19,19,1.0,6031,302.3614263534546,19.94632738949273,911.4382150582969,997.5221416214481,998.6662635253742,49.47050893679261,50.43663093820214,49.537873108550905
llamacpp,agentic,16,81,81,1.0,25167,344.7309215068817,73.00476525282517,1691.1917889956385,12657.424726057798,13170.769290067255,169.87144411541522,296.25724598299684,205.1680043934167
llamacpp,agentic,4,34,34,1.0,11686,321.8728504180908,36.30626188204654,1209.3459500465542,3735.509214363992,3900.0090527418074,103.54566748719662,105.27380175190046,109.74930637434146
llamacpp,agentic,64,124,124,1.0,39316,542.5306830406189,72.46779072411732,205934.06637432054,228192.41459643235,235326.32908253465,170.74607964605093,336.4542391151189,209.84297513281174
llamacpp,chat,1,30,30,1.0,6143,298.7292859554291,20.563768899834436,207.5695568928495,235.26689988793805,4480.241225624928,48.885765951126814,49.15649085305631,48.94553043843097
llamacpp,chat,16,153,153,1.0,30958,331.9812877178192,93.25224386235284,833.2745190709829,2469.2047893069685,2470.1149520557374,143.1033811531961,291.85995957814157,164.8028434042558
llamacpp,chat,4,58,58,1.0,11749,306.61926460266113,38.31787939099385,502.5667669251561,639.9267160333693,640.2743474184535,98.76523911952972,114.0157299581915,102.60609946219886
llamacpp,chat,64,202,202,1.0,39063,416.445351600647,93.80102299103034,96206.7541941069,109453.76351469895,114085.41685250124,143.73550191521645,316.7379171587527,164.46523210263695
llamacpp,coding,1,6,6,1.0,6144,254.06988906860352,24.1823225196946,413.263839087449,455.9135918971151,465.17731747590005,48.98232745472342,50.56859717005864,49.27909457669938
llamacpp,coding,16,32,32,1.0,32599,186.04484105110168,175.22119837252515,5263.415446970612,5976.281838980503,5979.762851328123,159.78190815076232,260.61125309206545,164.51414243836354
llamacpp,coding,4,12,12,1.0,12288,234.56732201576233,52.38581356687986,1655.069131986238,1718.7450007419102,1719.0481105982326,112.45493649039418,117.20353545388207,113.12872894332023
llamacpp,coding,64,80,48,0.6,48916,367.796418428421,132.99748868957468,173330.33335697837,185419.91458260454,185752.036395974,160.58770916424692,175.25723483413452,165.64041694972516
llamacpp,long_context,1,5,5,1.0,5120,259.0641915798187,19.76344151917463,2279.1514720302075,2322.3556126002222,2328.175148079172,61.533689964562654,62.44185138493776,61.58542864080172
llamacpp,long_context,16,20,12,0.6,12288,425.07887387275696,28.907576347062328,231765.3848209884,248565.28473261278,248566.10069756862,177.76385741308331,180.39301154203713,186.62098468988847
llamacpp,long_context,4,8,8,1.0,8192,207.71844863891602,39.4379991458555,24962.87054696586,25562.504524423275,25654.840386484284,174.71197503618896,180.2541215554811,182.0999163720779
llamacpp,long_context,64,68,12,0.17647058823529413,12288,410.53351283073425,29.931782950607555,213090.64314502757,226784.2963602743,226787.56576393498,174.90731342695653,180.73701148387045,185.19729112687122
llamacpp,long_context_extreme,1,1,0,0.0,0,1e-06,0.0,nan,nan,nan,nan,nan,nan
llamacpp,long_context_extreme,16,16,1,0.0625,1024,1e-06,1024000000.0,186358.3144559525,186358.3144559525,186358.3144559525,171.1703729815781,172.04466408584267,297.13279286122724
llamacpp,long_context_extreme,4,4,0,0.0,0,1e-06,0.0,nan,nan,nan,nan,nan,nan
llamacpp,long_context_extreme,64,64,0,0.0,0,1e-06,0.0,nan,nan,nan,nan,nan,nan
vllm,agentic,1,15,15,1.0,4748,308.1028263568878,15.41043961245653,408.88910414651036,413.71135194785893,413.7502904329449,64.2761728959158,67.66527889994903,64.72803962310093
vllm,agentic,16,203,203,1.0,59459,313.23919677734375,189.81979462252474,514.8547720164061,5064.807224203832,5066.436696569435,66.99972541537136,75.06188988918439,80.94167182902683
vllm,agentic,4,69,69,1.0,16991,304.92523312568665,55.72185622629829,487.62276908382773,775.3264223225408,1390.3869667369872,67.45751108974218,71.92891775630414,70.9014353811605
vllm,agentic,64,317,317,1.0,94027,359.4425971508026,261.591143468595,43643.78849812783,50359.079713141546,53128.5026687942,66.86275464016944,403.20474815089256,90.8468057024629
vllm,chat,1,27,27,1.0,4676,302.7290279865265,15.446156687055838,157.14980498887599,164.33482964057475,262.4658158700911,64.53313189558685,68.10806312132627,65.15027645487085
vllm,chat,16,356,356,1.0,69661,309.4567811489105,225.1073631069637,229.8562910873443,387.47625635005534,549.9418920138851,67.64010258484632,93.4489076025784,69.79165443714578
vllm,chat,4,86,86,1.0,17745,311.1854305267334,57.02387791730358,230.8714569080621,278.1041536363773,300.3784301923588,67.56178406067193,71.75841836724429,68.47490741420212
vllm,chat,64,584,584,1.0,115336,334.15554785728455,345.156621637954,22158.003788092174,25326.27932643518,26103.128923256878,67.1964295906946,98.66809529485181,70.59518245118944
vllm,coding,1,6,6,1.0,5504,291.986510515213,18.850185887999206,105.58572399895638,161.74290928756818,162.61944834841415,64.49898390565068,68.35954420967028,65.16010028186757
vllm,coding,16,81,81,1.0,79394,308.1553418636322,257.6427834086815,294.6102081332356,766.8003439903259,767.2737535089254,67.00368307065219,70.85120652336627,67.82015456340814
vllm,coding,4,20,20,1.0,19681,278.4413719177246,70.6827432448345,232.93437401298434,278.84331734385347,335.911055500619,67.09302950184792,70.51591966301201,67.74189485477676
vllm,coding,64,165,165,1.0,160807,426.3395493030548,377.18058355804476,94155.99675406702,131984.5904047601,139798.7939731311,66.69516966212541,70.62576977768913,67.7574951903869
vllm,long_context,1,5,5,1.0,4964,256.814195394516,19.3291495914949,580.7665209285915,626.6107195988297,633.7257085368037,64.10874600987881,67.73988485801965,64.64595293666387
vllm,long_context,16,64,64,1.0,65380,244.40806436538696,267.50344825880103,7683.207263471559,11707.7424231451,11708.980050927494,66.91215408500284,70.57228708872572,72.47174080822145
vllm,long_context,4,20,20,1.0,20480,285.094717502594,71.8357750694334,2326.118008000776,2328.6895977100357,2328.8362715719268,66.96075387299061,70.53759491536766,67.86880517104456
vllm,long_context,64,120,120,1.0,122247,538.7965612411499,226.88897590288394,205380.02403848805,237366.91072570393,274945.01095833257,67.00372905470431,71.45814807154238,99.94152417343473
